variant,elapsed_sec,count,timestamp
release_gcc,39.762683,282475249,2026-08-28T17:17:26+09:00
release_gcc,39.691683,282475249,2026-08-28T17:17:26+09:00
pgo_gcc,35.440609,282475249,2026-08-28T17:18:41+09:00
pgo_gcc,34.983601,282475249,2026-08-28T17:18:41+09:00
release_gcc,38.615664,282475249,2026-08-28T17:20:02+09:00
release_gcc,38.303659,282475249,2026-08-28T17:20:02+09:00
pgo_gcc,35.453617,282475249,2026-08-28T17:21:17+09:00
pgo_gcc,34.673604,282475249,2026-08-28T17:21:17+09:00
release_gcc,39.030680,282475249,2026-08-28T17:22:39+09:00
release_gcc,38.935678,282475249,2026-08-28T17:22:39+09:00
pgo_gcc,35.471618,282475249,2026-08-28T17:23:54+09:00
pgo_gcc,35.343615,282475249,2026-08-28T17:23:54+09:00
release_gcc,38.881677,282475249,2026-08-28T17:25:16+09:00
release_gcc,38.794676,282475249,2026-08-28T17:25:16+09:00
pgo_gcc,35.095611,282475249,2026-08-28T17:26:31+09:00
pgo_gcc,35.979627,282475249,2026-08-28T17:26:31+09:00
release_gcc,39.376685,282475249,2026-08-28T17:27:54+09:00
release_gcc,39.860694,282475249,2026-08-28T17:27:54+09:00
pgo_gcc,35.772622,282475249,2026-08-28T17:29:10+09:00
pgo_gcc,35.643621,282475249,2026-08-28T17:29:10+09:00
release_gcc,38.644673,282475249,2026-08-28T17:30:32+09:00
release_gcc,38.918678,282475249,2026-08-28T17:30:32+09:00
pgo_gcc,35.880625,282475249,2026-08-28T17:31:48+09:00
pgo_gcc,36.267631,282475249,2026-08-28T17:31:48+09:00
release_gcc,39.624690,282475249,2026-08-28T17:33:12+09:00
release_gcc,39.545688,282475249,2026-08-28T17:33:12+09:00
pgo_gcc,35.377616,282475249,2026-08-28T17:34:25+09:00
pgo_gcc,33.372581,282475249,2026-08-28T17:34:25+09:00
release_gcc,38.358668,282475249,2026-08-28T17:35:45+09:00
release_gcc,38.229666,282475249,2026-08-28T17:35:45+09:00
pgo_gcc,34.341598,282475249,2026-08-28T17:37:00+09:00
pgo_gcc,36.025627,282475249,2026-08-28T17:37:00+09:00
