pair,position,side,start_utc,end_utc,load_start,load_end
1,1,direct,2026-10-07T05:04:07Z,2026-10-07T05:04:35Z,7.52,21.99
1,2,restored,2026-10-07T05:04:35Z,2026-10-07T05:05:02Z,21.99,17.61
2,1,restored,2026-10-07T05:05:02Z,2026-10-07T05:05:38Z,17.61,52.41
2,2,direct,2026-10-07T05:05:38Z,2026-10-07T05:06:09Z,52.41,68.49
3,1,direct,2026-10-07T05:06:09Z,2026-10-07T05:06:33Z,68.49,48.72
3,2,restored,2026-10-07T05:06:33Z,2026-10-07T05:06:57Z,48.72,36.57
4,1,restored,2026-10-07T05:06:57Z,2026-10-07T05:07:21Z,36.57,26.48
4,2,direct,2026-10-07T05:07:21Z,2026-10-07T05:07:42Z,26.48,20.66
5,1,direct,2026-10-07T05:07:42Z,2026-10-07T05:08:04Z,20.66,16.97
5,2,restored,2026-10-07T05:08:04Z,2026-10-07T05:08:25Z,16.97,15.52
