pair,position,side,label,workload,rows,payload_bytes,repeat,elapsed,user_cpu,system_cpu
1,1,direct,direct-a142503dc,small,100000,48,0,2.21,0.93,0.10
1,1,direct,direct-a142503dc,large,10000,5000,0,6.32,4.23,0.30
1,2,restored,restored-1c660d22e,small,100000,48,0,3.47,0.93,0.12
1,2,restored,restored-1c660d22e,large,10000,5000,0,5.60,3.40,0.29
2,1,restored,restored-1c660d22e,small,100000,48,0,3.38,2.02,0.17
2,1,restored,restored-1c660d22e,large,10000,5000,0,11.08,6.56,0.45
2,2,direct,direct-a142503dc,small,100000,48,0,3.50,2.13,0.18
2,2,direct,direct-a142503dc,large,10000,5000,0,10.04,7.93,0.47
3,1,direct,direct-a142503dc,small,100000,48,0,2.78,0.90,0.10
3,1,direct,direct-a142503dc,large,10000,5000,0,6.16,3.60,0.29
3,2,restored,restored-1c660d22e,small,100000,48,0,2.09,0.86,0.10
3,2,restored,restored-1c660d22e,large,10000,5000,0,5.65,3.12,0.25
4,1,restored,restored-1c660d22e,small,100000,48,0,2.16,0.91,0.11
4,1,restored,restored-1c660d22e,large,10000,5000,0,5.12,3.18,0.26
4,2,direct,direct-a142503dc,small,100000,48,0,2.10,0.86,0.10
4,2,direct,direct-a142503dc,large,10000,5000,0,5.29,3.45,0.27
5,1,direct,direct-a142503dc,small,100000,48,0,2.09,0.85,0.10
5,1,direct,direct-a142503dc,large,10000,5000,0,5.55,3.50,0.25
5,2,restored,restored-1c660d22e,small,100000,48,0,2.14,0.90,0.09
5,2,restored,restored-1c660d22e,large,10000,5000,0,4.93,3.10,0.27
