gate,A,B,D,interpretation
log_recovery.c.o:.text.unlikely_bytes,0x2d7,0x2d0,0x2d7,D restores the seven-byte input-section contribution
qexec_execute_scan,0x4db580,0x4db570,0x4db580,D restores A's final hot-function start phase
fetch_val_list,0x47aa10,0x47aa00,0x47aa10,D restores A's final hot-function start phase
qdata_evaluate_aggregate_list,0x49aee0,0x49aed0,0x49aee0,D restores A's final hot-function start phase
qexec_execute_mainblock,0x4d3f20,0x4d3f10,0x4d3f20,D restores A's final hot-function start phase
scan_next_scan,0x501ef0,0x501ee0,0x501ef0,D restores A's final hot-function start phase
log_Gl,0x1023e80,0x1023f00,0x1023f00,D retains B's final data layout
.text_bytes,0x80c310,0x80c310,0x80c310,all final text output sections have the same total size
.rodata_bytes,0xc8475,0xc80b5,0xc8095,D rebuild is 32 bytes smaller than B due to residual build-date content
