phase,series,round,position,variant,seconds,result,timestamp
warmup,0,1,0,A,20.358351,282475249,2026-08-26T17:57:11+09:00
warmup,0,1,0,B,18.268316,282475249,2026-08-26T17:57:37+09:00
warmup,0,1,0,C,18.203314,282475249,2026-08-26T17:58:00+09:00
warmup,0,1,0,qa-2029,20.028346,282475249,2026-08-26T17:58:23+09:00
warmup,0,2,0,A,20.121348,282475249,2026-08-26T17:58:48+09:00
warmup,0,2,0,B,18.421318,282475249,2026-08-26T17:59:13+09:00
warmup,0,2,0,C,18.917326,282475249,2026-08-26T17:59:37+09:00
warmup,0,2,0,qa-2029,20.802360,282475249,2026-08-26T18:00:01+09:00
qa-five,0,1,0,qa-2029,20.800359,282475249,2026-08-26T18:00:27+09:00
qa-five,0,2,0,qa-2029,20.806359,282475249,2026-08-26T18:00:52+09:00
qa-five,0,3,0,qa-2029,20.622356,282475249,2026-08-26T18:01:18+09:00
qa-five,0,4,0,qa-2029,20.270350,282475249,2026-08-26T18:01:44+09:00
qa-five,0,5,0,qa-2029,20.522355,282475249,2026-08-26T18:02:09+09:00
randomized,1,1,1,A,20.334351,282475249,2026-08-26T18:02:35+09:00
randomized,1,1,2,B,18.411318,282475249,2026-08-26T18:03:00+09:00
randomized,1,1,3,C,18.430319,282475249,2026-08-26T18:03:24+09:00
randomized,1,2,1,A,20.918361,282475249,2026-08-26T18:03:47+09:00
randomized,1,2,2,C,18.336317,282475249,2026-08-26T18:04:13+09:00
randomized,1,2,3,B,18.034312,282475249,2026-08-26T18:04:36+09:00
randomized,1,3,1,B,18.386317,282475249,2026-08-26T18:04:59+09:00
randomized,1,3,2,A,21.298368,282475249,2026-08-26T18:05:23+09:00
randomized,1,3,3,C,18.753324,282475249,2026-08-26T18:05:49+09:00
randomized,1,4,1,B,19.145331,282475249,2026-08-26T18:06:13+09:00
randomized,1,4,2,C,18.687323,282475249,2026-08-26T18:06:37+09:00
randomized,1,4,3,A,20.792359,282475249,2026-08-26T18:07:01+09:00
randomized,1,5,1,C,18.540320,282475249,2026-08-26T18:07:27+09:00
randomized,1,5,2,A,20.444353,282475249,2026-08-26T18:07:51+09:00
randomized,1,5,3,B,18.217315,282475249,2026-08-26T18:08:16+09:00
randomized,1,6,1,C,18.566321,282475249,2026-08-26T18:09:55+09:00
randomized,1,6,2,B,18.418318,282475249,2026-08-26T18:10:19+09:00
randomized,1,6,3,A,20.584356,282475249,2026-08-26T18:10:43+09:00
randomized,1,7,1,C,18.287316,282475249,2026-08-26T18:11:11+09:00
randomized,1,7,2,B,18.365317,282475249,2026-08-26T18:11:34+09:00
randomized,1,7,3,A,20.675357,282475249,2026-08-26T18:11:57+09:00
randomized,1,8,1,C,18.477319,282475249,2026-08-26T18:12:23+09:00
randomized,1,8,2,A,20.327351,282475249,2026-08-26T18:12:46+09:00
randomized,1,8,3,B,18.939327,282475249,2026-08-26T18:13:12+09:00
randomized,1,9,1,B,18.507319,282475249,2026-08-26T18:13:36+09:00
randomized,1,9,2,C,18.596321,282475249,2026-08-26T18:13:59+09:00
randomized,1,9,3,A,20.843360,282475249,2026-08-26T18:14:23+09:00
randomized,1,10,1,B,18.671322,282475249,2026-08-26T18:14:49+09:00
randomized,1,10,2,A,20.530355,282475249,2026-08-26T18:15:13+09:00
randomized,1,10,3,C,18.487319,282475249,2026-08-26T18:15:38+09:00
randomized,1,11,1,A,20.585356,282475249,2026-08-26T18:16:02+09:00
randomized,1,11,2,C,18.417318,282475249,2026-08-26T18:16:27+09:00
randomized,1,11,3,B,18.304316,282475249,2026-08-26T18:16:51+09:00
randomized,1,12,1,A,20.768359,282475249,2026-08-26T18:17:14+09:00
randomized,1,12,2,B,18.600322,282475249,2026-08-26T18:17:40+09:00
randomized,1,12,3,C,18.150314,282475249,2026-08-26T18:18:04+09:00
randomized,2,1,1,A,20.339351,282475249,2026-08-26T18:18:27+09:00
randomized,2,1,2,C,18.318316,282475249,2026-08-26T18:18:52+09:00
randomized,2,1,3,B,18.434318,282475249,2026-08-26T18:19:15+09:00
randomized,2,2,1,B,18.434318,282475249,2026-08-26T18:19:39+09:00
randomized,2,2,2,A,21.167366,282475249,2026-08-26T18:20:03+09:00
randomized,2,2,3,C,18.899326,282475249,2026-08-26T18:20:29+09:00
randomized,2,3,1,B,18.763324,282475249,2026-08-26T18:20:53+09:00
randomized,2,3,2,C,18.614321,282475249,2026-08-26T18:21:17+09:00
randomized,2,3,3,A,20.632357,282475249,2026-08-26T18:21:40+09:00
randomized,2,4,1,C,18.691323,282475249,2026-08-26T18:22:06+09:00
randomized,2,4,2,A,20.420353,282475249,2026-08-26T18:22:30+09:00
randomized,2,4,3,B,18.589321,282475249,2026-08-26T18:22:55+09:00
randomized,2,5,1,C,18.520320,282475249,2026-08-26T18:23:19+09:00
randomized,2,5,2,B,18.884326,282475249,2026-08-26T18:23:43+09:00
randomized,2,5,3,A,20.551355,282475249,2026-08-26T18:24:07+09:00
randomized,2,6,1,C,18.475319,282475249,2026-08-26T18:24:32+09:00
randomized,2,6,2,B,18.778325,282475249,2026-08-26T18:24:56+09:00
randomized,2,6,3,A,20.607356,282475249,2026-08-26T18:25:20+09:00
randomized,2,7,1,C,18.716323,282475249,2026-08-26T18:25:45+09:00
randomized,2,7,2,A,20.850360,282475249,2026-08-26T18:26:53+09:00
randomized,2,7,3,B,18.679323,282475249,2026-08-26T18:27:19+09:00
randomized,2,8,1,B,18.805325,282475249,2026-08-26T18:27:43+09:00
randomized,2,8,2,C,19.030329,282475249,2026-08-26T18:28:07+09:00
randomized,2,8,3,A,20.695358,282475249,2026-08-26T18:28:31+09:00
randomized,2,9,1,B,18.674322,282475249,2026-08-26T18:28:57+09:00
randomized,2,9,2,A,20.640357,282475249,2026-08-26T18:29:20+09:00
randomized,2,9,3,C,18.548320,282475249,2026-08-26T18:29:46+09:00
randomized,2,10,1,A,20.563356,282475249,2026-08-26T18:30:10+09:00
randomized,2,10,2,C,18.874326,282475249,2026-08-26T18:30:35+09:00
randomized,2,10,3,B,18.656322,282475249,2026-08-26T18:30:59+09:00
randomized,2,11,1,A,20.747358,282475249,2026-08-26T18:31:23+09:00
randomized,2,11,2,B,18.533320,282475249,2026-08-26T18:31:49+09:00
randomized,2,11,3,C,18.590321,282475249,2026-08-26T18:32:12+09:00
randomized,2,12,1,A,20.698358,282475249,2026-08-26T18:32:36+09:00
randomized,2,12,2,B,18.402318,282475249,2026-08-26T18:33:01+09:00
randomized,2,12,3,C,18.350317,282475249,2026-08-26T18:33:25+09:00
randomized,3,1,1,B,18.597321,282475249,2026-08-26T18:33:49+09:00
randomized,3,1,2,A,20.634357,282475249,2026-08-26T18:34:13+09:00
randomized,3,1,3,C,18.492319,282475249,2026-08-26T18:34:38+09:00
randomized,3,2,1,B,18.378317,282475249,2026-08-26T18:35:02+09:00
randomized,3,2,2,C,18.391317,282475249,2026-08-26T18:35:25+09:00
randomized,3,2,3,A,20.686357,282475249,2026-08-26T18:35:49+09:00
randomized,3,3,1,C,18.372317,282475249,2026-08-26T18:36:14+09:00
randomized,3,3,2,A,20.477354,282475249,2026-08-26T18:36:38+09:00
randomized,3,3,3,B,18.355317,282475249,2026-08-26T18:37:03+09:00
randomized,3,4,1,C,18.185314,282475249,2026-08-26T18:37:27+09:00
randomized,3,4,2,B,18.087313,282475249,2026-08-26T18:37:50+09:00
randomized,3,4,3,A,20.198350,282475249,2026-08-26T18:38:13+09:00
randomized,3,5,1,C,18.365318,282475249,2026-08-26T18:38:38+09:00
randomized,3,5,2,B,17.976311,282475249,2026-08-26T18:39:02+09:00
randomized,3,5,3,A,20.213349,282475249,2026-08-26T18:39:25+09:00
randomized,3,6,1,C,18.105313,282475249,2026-08-26T18:39:50+09:00
randomized,3,6,2,A,19.917344,282475249,2026-08-26T18:40:13+09:00
randomized,3,6,3,B,18.171314,282475249,2026-08-26T18:40:38+09:00
randomized,3,7,1,B,18.111313,282475249,2026-08-26T18:41:01+09:00
randomized,3,7,2,C,18.000312,282475249,2026-08-26T18:41:24+09:00
randomized,3,7,3,A,20.271351,282475249,2026-08-26T18:41:47+09:00
randomized,3,8,1,B,17.915310,282475249,2026-08-26T18:42:12+09:00
randomized,3,8,2,A,19.950345,282475249,2026-08-26T18:42:35+09:00
randomized,3,8,3,C,18.258316,282475249,2026-08-26T18:43:00+09:00
randomized,3,9,1,A,20.271350,282475249,2026-08-26T18:43:24+09:00
randomized,3,9,2,C,18.517320,282475249,2026-08-26T18:43:49+09:00
randomized,3,9,3,B,18.826326,282475249,2026-08-26T18:44:12+09:00
randomized,3,10,1,A,20.387353,282475249,2026-08-26T18:44:36+09:00
randomized,3,10,2,B,18.240316,282475249,2026-08-26T18:45:02+09:00
randomized,3,10,3,C,18.408318,282475249,2026-08-26T18:45:25+09:00
randomized,3,11,1,A,20.241350,282475249,2026-08-26T18:45:48+09:00
randomized,3,11,2,B,17.999311,282475249,2026-08-26T18:46:14+09:00
randomized,3,11,3,C,18.566321,282475249,2026-08-26T18:46:37+09:00
randomized,3,12,1,A,20.837361,282475249,2026-08-26T18:47:01+09:00
randomized,3,12,2,C,18.474320,282475249,2026-08-26T18:47:27+09:00
randomized,3,12,3,B,18.559321,282475249,2026-08-26T18:47:50+09:00
randomized,4,1,1,B,18.348317,282475249,2026-08-26T18:48:14+09:00
randomized,4,1,2,C,18.550321,282475249,2026-08-26T18:48:37+09:00
randomized,4,1,3,A,20.463354,282475249,2026-08-26T18:49:01+09:00
randomized,4,2,1,C,18.534320,282475249,2026-08-26T18:49:26+09:00
randomized,4,2,2,A,20.540355,282475249,2026-08-26T18:49:50+09:00
randomized,4,2,3,B,18.280316,282475249,2026-08-26T18:50:16+09:00
randomized,4,3,1,C,18.316316,282475249,2026-08-26T18:50:39+09:00
randomized,4,3,2,B,19.452337,282475249,2026-08-26T18:51:02+09:00
randomized,4,3,3,A,20.530355,282475249,2026-08-26T18:51:27+09:00
randomized,4,4,1,C,19.186331,282475249,2026-08-26T18:51:52+09:00
randomized,4,4,2,B,19.681341,282475249,2026-08-26T18:52:17+09:00
randomized,4,4,3,A,20.979363,282475249,2026-08-26T18:52:41+09:00
randomized,4,5,1,C,18.896326,282475249,2026-08-26T18:53:07+09:00
randomized,4,5,2,A,20.332352,282475249,2026-08-26T18:53:31+09:00
randomized,4,5,3,B,19.152331,282475249,2026-08-26T18:53:57+09:00
randomized,4,6,1,B,19.338335,282475249,2026-08-26T18:54:21+09:00
randomized,4,6,2,C,19.108331,282475249,2026-08-26T18:54:45+09:00
randomized,4,6,3,A,21.998381,282475249,2026-08-26T18:55:09+09:00
randomized,4,7,1,B,19.145332,282475249,2026-08-26T18:55:36+09:00
randomized,4,7,2,A,20.331351,282475249,2026-08-26T18:56:00+09:00
randomized,4,7,3,C,18.060313,282475249,2026-08-26T18:56:26+09:00
randomized,4,8,1,A,20.511354,282475249,2026-08-26T18:56:49+09:00
randomized,4,8,2,C,18.600322,282475249,2026-08-26T18:57:14+09:00
randomized,4,8,3,B,18.650323,282475249,2026-08-26T18:57:38+09:00
randomized,4,9,1,A,20.637357,282475249,2026-08-26T18:58:01+09:00
randomized,4,9,2,B,18.596322,282475249,2026-08-26T18:58:27+09:00
randomized,4,9,3,C,18.560321,282475249,2026-08-26T18:58:51+09:00
randomized,4,10,1,A,20.600357,282475249,2026-08-26T18:59:14+09:00
randomized,4,10,2,B,18.338318,282475249,2026-08-26T18:59:40+09:00
randomized,4,10,3,C,18.377317,282475249,2026-08-26T19:00:03+09:00
randomized,4,11,1,A,20.509355,282475249,2026-08-26T19:00:27+09:00
randomized,4,11,2,C,18.331318,282475249,2026-08-26T19:00:52+09:00
randomized,4,11,3,B,18.128314,282475249,2026-08-26T19:01:16+09:00
randomized,4,12,1,B,18.396318,282475249,2026-08-26T19:01:39+09:00
randomized,4,12,2,A,20.364352,282475249,2026-08-26T19:02:02+09:00
randomized,4,12,3,C,18.332317,282475249,2026-08-26T19:02:27+09:00
randomized,5,1,1,C,18.409319,282475249,2026-08-26T19:02:51+09:00
randomized,5,1,2,A,20.404353,282475249,2026-08-26T19:03:14+09:00
randomized,5,1,3,B,18.601322,282475249,2026-08-26T19:03:40+09:00
randomized,5,2,1,C,18.500320,282475249,2026-08-26T19:04:03+09:00
randomized,5,2,2,B,18.340317,282475249,2026-08-26T19:04:27+09:00
randomized,5,2,3,A,20.520355,282475249,2026-08-26T19:04:50+09:00
randomized,5,3,1,C,18.603322,282475249,2026-08-26T19:05:16+09:00
randomized,5,3,2,B,18.540321,282475249,2026-08-26T19:05:39+09:00
randomized,5,3,3,A,20.763360,282475249,2026-08-26T19:06:03+09:00
randomized,5,4,1,C,18.525320,282475249,2026-08-26T19:06:28+09:00
randomized,5,4,2,A,20.709359,282475249,2026-08-26T19:06:52+09:00
randomized,5,4,3,B,18.385318,282475249,2026-08-26T19:09:13+09:00
randomized,5,5,1,B,18.290316,282475249,2026-08-26T19:09:37+09:00
randomized,5,5,2,C,18.380318,282475249,2026-08-26T19:13:23+09:00
randomized,5,5,3,A,20.311352,282475249,2026-08-26T19:13:46+09:00
randomized,5,6,1,B,18.367318,282475249,2026-08-26T19:14:11+09:00
randomized,5,6,2,A,20.482354,282475249,2026-08-26T19:16:34+09:00
randomized,5,6,3,C,18.147314,282475249,2026-08-26T19:16:59+09:00
randomized,5,7,1,A,20.607357,282475249,2026-08-26T19:17:22+09:00
randomized,5,7,2,C,19.141331,282475249,2026-08-26T19:17:48+09:00
randomized,5,7,3,B,18.767325,282475249,2026-08-26T19:18:12+09:00
randomized,5,8,1,A,20.465354,282475249,2026-08-26T19:25:06+09:00
randomized,5,8,2,B,18.315317,282475249,2026-08-26T19:25:32+09:00
randomized,5,8,3,C,18.118314,282475249,2026-08-26T19:25:55+09:00
randomized,5,9,1,A,19.996347,282475249,2026-08-26T19:26:18+09:00
randomized,5,9,2,B,18.191315,282475249,2026-08-26T19:26:43+09:00
randomized,5,9,3,C,18.317317,282475249,2026-08-26T19:27:06+09:00
randomized,5,10,1,A,20.381353,282475249,2026-08-26T19:27:30+09:00
randomized,5,10,2,C,18.417319,282475249,2026-08-26T19:27:55+09:00
randomized,5,10,3,B,18.124314,282475249,2026-08-26T19:28:18+09:00
randomized,5,11,1,B,18.545321,282475249,2026-08-26T19:28:41+09:00
randomized,5,11,2,A,20.752359,282475249,2026-08-26T19:29:05+09:00
randomized,5,11,3,C,18.914327,282475249,2026-08-26T19:29:31+09:00
randomized,5,12,1,B,18.621322,282475249,2026-08-26T19:29:55+09:00
randomized,5,12,2,C,18.525320,282475249,2026-08-26T19:30:18+09:00
randomized,5,12,3,A,20.663358,282475249,2026-08-26T19:30:42+09:00
